login_username,status,franchise_name,franchise_slug,note
Aakkulam,NO_FRANCHISE_ROW,,,No centre record in database
AAMBazaar,NO_FRANCHISE_ROW,,,No centre record in database
Abhinabpanda,NO_FRANCHISE_ROW,,,No centre record in database
Abhinav,NO_FRANCHISE_ROW,,,No centre record in database
Abhishikta,NO_FRANCHISE_ROW,,,No centre record in database
adambakkam,OK,Adambakkam,adambakkam-timekidspreschools-com,
Adeenakrishna,NO_FRANCHISE_ROW,,,No centre record in database
Adoor,NO_FRANCHISE_ROW,,,No centre record in database
Adukkamparai,OK,Adukkambarai,adukkamparai-timekidspreschools-com,
Adyar,NO_FRANCHISE_ROW,,,No centre record in database
Agslayout,NO_FRANCHISE_ROW,,,No centre record in database
Ahmednagar,NO_FRANCHISE_ROW,,,No centre record in database
AhmedVijaynagar,NO_FRANCHISE_ROW,,,No centre record in database
akhil,NO_FRANCHISE_ROW,,,No centre record in database
aksharakidz,OK,MIM Nagar,dhargahosur-timekidspreschools-com,
Alangad,OK,Alangad,alangad-timekidspreschools-com,
allansaldhana,NO_FRANCHISE_ROW,,,No centre record in database
AlurRoad,OK,Bhagya Nagar,guntakal-timekidspreschools-com,
Alwal,OK,Alwal,alwalhyd-timekidspreschools-com,
Alwal_New,OK,Alwal,alwalhyd-timekidspreschools-com,
Alwarpet,OK,Alwarpet,alwarpet-timekidspreschools-com,
Ambattukavu,OK,Aroor,aroor-timekidspreschools-com,
Ameenpur,OK,Ameenpur,ameenpur-timekidspreschools-com,
amitjain,NO_FRANCHISE_ROW,,,No centre record in database
amkurian,NO_FRANCHISE_ROW,,,No centre record in database
Ammapalyam,NO_FRANCHISE_ROW,,,No centre record in database
Anakaputhur,OK,Anakaputhur,anakaputhur-timekidspreschools-com,
Anand,NO_FRANCHISE_ROW,,,No centre record in database
AnandKadache,NO_FRANCHISE_ROW,,,No centre record in database
anandnagar,NO_FRANCHISE_ROW,,,No centre record in database
Anant,NO_FRANCHISE_ROW,,,No centre record in database
AnantChourasiya,NO_FRANCHISE_ROW,,,No centre record in database
Angadippuram,NO_FRANCHISE_ROW,,,No centre record in database
Angamaly,NO_FRANCHISE_ROW,,,No centre record in database
Anitha,NO_FRANCHISE_ROW,,,No centre record in database
ankushnarang,NO_FRANCHISE_ROW,,,No centre record in database
annakudiyiruppu,NO_FRANCHISE_ROW,,,No centre record in database
AnnaNagarYBlock,NO_FRANCHISE_ROW,,,No centre record in database
Annaporneshwarinagar,NO_FRANCHISE_ROW,,,No centre record in database
Anoop,NO_FRANCHISE_ROW,,,No centre record in database
Anthonita,NO_FRANCHISE_ROW,,,No centre record in database
Anup,NO_FRANCHISE_ROW,,,No centre record in database
anwarhussain,NO_FRANCHISE_ROW,,,No centre record in database
Arani,NO_FRANCHISE_ROW,,,No centre record in database
Aranthangi,OK,Aranthangi,aranthangi-timekidspreschools-com,
arekere,NO_FRANCHISE_ROW,,,No centre record in database
Aroor,OK,"HMT Junction, North Kalamssery",hmtjunction-timekidspreschools-com,
artworks,NO_FRANCHISE_ROW,,,No centre record in database
Arunm,NO_FRANCHISE_ROW,,,No centre record in database
AshishSingh,NO_FRANCHISE_ROW,,,No centre record in database
Ashoknagar,NO_FRANCHISE_ROW,,,No centre record in database
Ashwin,NO_FRANCHISE_ROW,,,No centre record in database
Asramam,NO_FRANCHISE_ROW,,,No centre record in database
asraonagar,NO_FRANCHISE_ROW,,,No centre record in database
asraonagar_new,NO_FRANCHISE_ROW,,,No centre record in database
Aswathy,NO_FRANCHISE_ROW,,,No centre record in database
Attingal,OK,Attingal,timekidsattingal-timekidspreschools-com,
Attingal_New,OK,Attingal,timekidsattingal-timekidspreschools-com,
Aundh,NO_FRANCHISE_ROW,,,No centre record in database
Avadi,NO_FRANCHISE_ROW,,,No centre record in database
Avalapalli,NO_FRANCHISE_ROW,,,No centre record in database
Avalapalli_New,NO_FRANCHISE_ROW,,,No centre record in database
awasvikascolony,NO_FRANCHISE_ROW,,,No centre record in database
AyyanarNagar,OK,Ayyanar Nagar,ayyanarnagar-timekidspreschools-com,
azhoorroad,NO_FRANCHISE_ROW,,,No centre record in database
babu,NO_FRANCHISE_ROW,,,No centre record in database
Babusapalya,NO_FRANCHISE_ROW,,,No centre record in database
Bachupally,OK,Bachupally,bachupally-timekidspreschools-com,
Baguiati,OK,Baguiati,baguiati-timekidspreschools-com,
Baidyabati,OK,Baidyabati,baidyabati-timekidspreschools-com,
BaifRoad,OK,Baif Road-Wagholi,baifroadwagholi-timekidspreschools-com,
bairagipatteda,NO_FRANCHISE_ROW,,,No centre record in database
Balagere,OK,Balagere,balagere-timekidspreschools-com,
balewadi,NO_FRANCHISE_ROW,,,No centre record in database
Banashankari,OK,Banashanakri 5th stage,banashankari5thstage-timekidspreschools-com,
Banashankari3rdStage,OK,Banashanakri 3rd stage,bsk3rdstage-timekidspreschools-com,
Banashankari5stage,OK,Banashanakri 5th stage,banashankari5thstage-timekidspreschools-com,
Bandlaguda,OK,Bandlaguda Jagir,bandlaguda-timekidspreschools-com,
BandlagudaJagir,OK,Bandlaguda Jagir,bandlaguda-timekidspreschools-com,
Baner,NO_FRANCHISE_ROW,,,No centre record in database
banjarahills,NO_FRANCHISE_ROW,,,No centre record in database
Banner,NO_FRANCHISE_ROW,,,No centre record in database
baroda,NO_FRANCHISE_ROW,,,No centre record in database
Basavanagar,OK,Basavanagar,basavanagar-timekidspreschools-com,
basavanagudi,NO_FRANCHISE_ROW,,,No centre record in database
Basaveshwaranagar,NO_FRANCHISE_ROW,,,No centre record in database
Basti,NO_FRANCHISE_ROW,,,No centre record in database
Bavdhan,NO_FRANCHISE_ROW,,,No centre record in database
Bavdhanbudruk,NO_FRANCHISE_ROW,,,No centre record in database
Beeramguda,OK,Beeramguda,beeramguda-timekidspreschools-com,
Begumbazar,NO_FRANCHISE_ROW,,,No centre record in database
Belishivale,OK,Belishivale,bileshivale-timekidspreschools-com,
BesantNagar,NO_FRANCHISE_ROW,,,No centre record in database
Bethleena,NO_FRANCHISE_ROW,,,No centre record in database
bhagyanagar,OK,Bhagya Nagar,belgaum-timekidspreschools-com,
Bhanusri,NO_FRANCHISE_ROW,,,No centre record in database
bharatinagar,NO_FRANCHISE_ROW,,,No centre record in database
bhavanasharma,NO_FRANCHISE_ROW,,,No centre record in database
Bhosari,NO_FRANCHISE_ROW,,,No centre record in database
Bhugaon,NO_FRANCHISE_ROW,,,No centre record in database
bibaswangoswami,NO_FRANCHISE_ROW,,,No centre record in database
bibhudatta,NO_FRANCHISE_ROW,,,No centre record in database
BidhanNagar,NO_FRANCHISE_ROW,,,No centre record in database
Birati,OK,Birati,birati-timekidspreschools-com,
birshibpur,OK,Birshibpur,birshibpur-timekidspreschools-com,
Boganahalli,OK,Boganahalli,boganahalli-timekidspreschools-com,
Bowenpally,OK,Bowenpally,bowenpally-timekidspreschools-com,
BrindavanNagar,NO_FRANCHISE_ROW,,,No centre record in database
Brodipet,NO_FRANCHISE_ROW,,,No centre record in database
BTMLayout,NO_FRANCHISE_ROW,,,No centre record in database
Calicutuniversity,NO_FRANCHISE_ROW,,,No centre record in database
Camproad,OK,Madambakkam Junction,camproad-timekidspreschools-com,
CDA,NO_FRANCHISE_ROW,,,No centre record in database
center,NO_FRANCHISE_ROW,,,No centre record in database
Chakkanthara,NO_FRANCHISE_ROW,,,No centre record in database
Chaksaif,OK,Chaksaf,bhadohi-timekidspreschools-com,
Chalakudy,NO_FRANCHISE_ROW,,,No centre record in database
ChampadaliMore,OK,Champadali More,champadalibarasat-timekidspreschools-com,
champadiyil,NO_FRANCHISE_ROW,,,No centre record in database
champasari,NO_FRANCHISE_ROW,,,No centre record in database
CHANDANAGAR,OK,S. P. Road,sproad-timekidspreschools-com,
Chandanagar_fran,NO_FRANCHISE_ROW,,,No centre record in database
Chandkheda,NO_FRANCHISE_ROW,,,No centre record in database
chandralayout,OK,Chandra Layout,chandralayout-timekidspreschools-com,
Chandramouli,NO_FRANCHISE_ROW,,,No centre record in database
Chandrani,NO_FRANCHISE_ROW,,,No centre record in database
ChandrapuriColony,OK,Chandrapuri Colony,chandrapuricolony-timekidspreschools-com,
Changamanad,OK,Changamanad,changamanad-timekidspreschools-com,
Changanassery,OK,Changanassery,tkchanganassery-timekidspreschools-com,
Channasandra,NO_FRANCHISE_ROW,,,No centre record in database
charan,NO_FRANCHISE_ROW,,,No centre record in database
CHARMINAR,NO_FRANCHISE_ROW,,,No centre record in database
Chaudharypark,NO_FRANCHISE_ROW,,,No centre record in database
Chengicherla,OK,Chengicherla,chengicherla-timekidspreschools-com,
chennaikknagar,NO_FRANCHISE_ROW,,,No centre record in database
CheranMaaNagar,NO_FRANCHISE_ROW,,,No centre record in database
Cheriathura,NO_FRANCHISE_ROW,,,No centre record in database
Cherthala,NO_FRANCHISE_ROW,,,No centre record in database
chevarambalam,OK,Chevarambalam,chevarambalam-timekidspreschools-com,
Chikhali,NO_FRANCHISE_ROW,,,No centre record in database
chinchwad,NO_FRANCHISE_ROW,,,No centre record in database
Chinthamanipudh,OK,Velachery,velachery-timekidspreschools-com,
chinthamanipudhur,NO_FRANCHISE_ROW,,,No centre record in database
Chitlapakkam,OK,Chitlapakkam,chitlapakkam-timekidspreschools-com,
Chiyyaram,OK,Chiyyaram,chiyyaram-timekidspreschools-com,
CholanNagar,NO_FRANCHISE_ROW,,,No centre record in database
Chrompet,OK,Chrompet,chrompet-timekidspreschools-com,
ChrompetNewColony,NO_FRANCHISE_ROW,,,No centre record in database
chunangamvely,NO_FRANCHISE_ROW,,,No centre record in database
CivilLines,NO_FRANCHISE_ROW,,,No centre record in database
ckknagar,OK,Alwarpet,alwarpet-timekidspreschools-com,
Cnagarathna,NO_FRANCHISE_ROW,,,No centre record in database
Companypady,OK,Companypady,companypady-timekidspreschools-com,
daffodils,OK,Kaloor,kaloor-timekidspreschools-com,
Dammaiguda,OK,Dammaiguda,dammaigudahyd-timekidspreschools-com,
Dammaiguda_New,OK,Dammaiguda,dammaigudahyd-timekidspreschools-com,
Danavaipeta,NO_FRANCHISE_ROW,,,No centre record in database
Darrel,NO_FRANCHISE_ROW,,,No centre record in database
DavidJoseph,NO_FRANCHISE_ROW,,,No centre record in database
DavidMariaFlora,NO_FRANCHISE_ROW,,,No centre record in database
DDColony,NO_FRANCHISE_ROW,,,No centre record in database
Deepak,NO_FRANCHISE_ROW,,,No centre record in database
DeeptisriNagar,NO_FRANCHISE_ROW,,,No centre record in database
defencecolony,NO_FRANCHISE_ROW,,,No centre record in database
DehuRoad,NO_FRANCHISE_ROW,,,No centre record in database
Devashish,NO_FRANCHISE_ROW,,,No centre record in database
DevikaVijayan,NO_FRANCHISE_ROW,,,No centre record in database
dhanori,NO_FRANCHISE_ROW,,,No centre record in database
Dhanori_New,NO_FRANCHISE_ROW,,,No centre record in database
Dharga,OK,MIM Nagar,dhargahosur-timekidspreschools-com,
DhasampalayamRo,NO_FRANCHISE_ROW,,,No centre record in database
dhasampalayamroad,NO_FRANCHISE_ROW,,,No centre record in database
Dhayari,NO_FRANCHISE_ROW,,,No centre record in database
diamondpoint,NO_FRANCHISE_ROW,,,No centre record in database
Dindigul,NO_FRANCHISE_ROW,,,No centre record in database
DinuJoseph,NO_FRANCHISE_ROW,,,No centre record in database
Diva,OK,Diva-Thane,diva-timekidspreschools-com,
domalguda,OK,Domalaguda,domalguda-timekidspreschools-com,
Dommasandra,OK,Dommasandra,dommasandra-timekidspreschools-com,
DumDum,NO_FRANCHISE_ROW,,,No centre record in database
EasternStreet,NO_FRANCHISE_ROW,,,No centre record in database
Eastfort,NO_FRANCHISE_ROW,,,No centre record in database
Easthill,NO_FRANCHISE_ROW,,,No centre record in database
EBColony,NO_FRANCHISE_ROW,,,No centre record in database
ebooks,NO_FRANCHISE_ROW,,,No centre record in database
Edapzhanji,OK,Edapazhnji,edapazhanji-timekidspreschools-com,
Edayapuram,OK,Edayapuram,edayapuram-timekidspreschools-com,
EJyoti,NO_FRANCHISE_ROW,,,No centre record in database
Elamakkara,NO_FRANCHISE_ROW,,,No centre record in database
Elamkunnapuzha,OK,Elamkunnapuzha,elamkunnapuzha-timekidspreschools-com,
ElectronicCity,NO_FRANCHISE_ROW,,,No centre record in database
Enchakkal,NO_FRANCHISE_ROW,,,No centre record in database
Eramanzil,NO_FRANCHISE_ROW,,,No centre record in database
Ettumanoor,OK,Ettumanoor,ettumanoor-timekidspreschools-com,
ExContonment,NO_FRANCHISE_ROW,,,No centre record in database
Fairlands,OK,Fairlands,fairlands-timekidspreschools-com,
Farida,NO_FRANCHISE_ROW,,,No centre record in database
flmlogin,NO_FRANCHISE_ROW,,,No centre record in database
flmlogin1,NO_FRANCHISE_ROW,,,No centre record in database
Fursungi,NO_FRANCHISE_ROW,,,No centre record in database
ganapathy,OK,Ganapathy,ganapathy-timekidspreschools-com,
Gandhigramam,NO_FRANCHISE_ROW,,,No centre record in database
Gandhinagar,NO_FRANCHISE_ROW,,,No centre record in database
Gandhinagar_Siliguri,NO_FRANCHISE_ROW,,,No centre record in database
Ganesh,NO_FRANCHISE_ROW,,,No centre record in database
GangaNagar,NO_FRANCHISE_ROW,,,No centre record in database
gaurav,NO_FRANCHISE_ROW,,,No centre record in database
Gauthammenon,NO_FRANCHISE_ROW,,,No centre record in database
george,NO_FRANCHISE_ROW,,,No centre record in database
Georgetown,NO_FRANCHISE_ROW,,,No centre record in database
Gerugambakkam,OK,Gerugambakkam,gerugambakkamchn-timekidspreschools-com,
GNMills,OK,G.N.Mills,gnmillscbe-timekidspreschools-com,
gobichettypalya,NO_FRANCHISE_ROW,,,No centre record in database
gobichettypalyam,NO_FRANCHISE_ROW,,,No centre record in database
GodhaniRoad,NO_FRANCHISE_ROW,,,No centre record in database
GokulPlots,NO_FRANCHISE_ROW,,,No centre record in database
GolaRoad,OK,Gola Road,golaroad-timekidspreschools-com,
Gollahalli,OK,Gollahalli,gollahalli1-timekidspreschools-com,
Gollahalli_New,OK,Gollahalli,gollahalli1-timekidspreschools-com,
Gomathipuram,OK,Panampilly Nagar,panampillynagar-timekidspreschools-com,
Goshamahal,OK,Goshamahal,goshamahal-timekidspreschools-com,
Gottigere,NO_FRANCHISE_ROW,,,No centre record in database
Gottigere1,NO_FRANCHISE_ROW,,,No centre record in database
Gouravkumar,NO_FRANCHISE_ROW,,,No centre record in database
Govindhapuram,NO_FRANCHISE_ROW,,,No centre record in database
Gunjan,NO_FRANCHISE_ROW,,,No centre record in database
gurjeet,NO_FRANCHISE_ROW,,,No centre record in database
GuruNanakNagar,NO_FRANCHISE_ROW,,,No centre record in database
Habsiguda,NO_FRANCHISE_ROW,,,No centre record in database
hadapsar,NO_FRANCHISE_ROW,,,No centre record in database
Hanumanthnagar,OK,Hanumanthanagar,hunumanthnagar-timekidspreschools-com,
Haripad,OK,Haripad,haripad-timekidspreschools-com,
harshit,NO_FRANCHISE_ROW,,,No centre record in database
HBRLayout,NO_FRANCHISE_ROW,,,No centre record in database
Hebbagodi,NO_FRANCHISE_ROW,,,No centre record in database
highcourt,OK,High Court,highcourt-timekidspreschools-com,
Hindwadi,NO_FRANCHISE_ROW,,,No centre record in database
HMTColony,OK,"HMT Colony, Miyapur",hmtcolony-timekidspreschools-com,
hmtjunction,OK,"HMT Junction, North Kalamssery",hmtjunction-timekidspreschools-com,
Hongasandra,OK,Hongasandra,hongansandra-timekidspreschools-com,
Horamavu,OK,Horamavu,horamavu-timekidspreschools-com,
Horamavu_New,OK,Horamavu,horamavu-timekidspreschools-com,
hoskote,NO_FRANCHISE_ROW,,,No centre record in database
HousingBoard,NO_FRANCHISE_ROW,,,No centre record in database
HowrahMaidan,NO_FRANCHISE_ROW,,,No centre record in database
HSRLayout,NO_FRANCHISE_ROW,,,No centre record in database
Hussain,NO_FRANCHISE_ROW,,,No centre record in database
HYNK9009,NO_FRANCHISE_ROW,,,No centre record in database
indiranagar,NO_FRANCHISE_ROW,,,No centre record in database
indiranagarsectorc,NO_FRANCHISE_ROW,,,No centre record in database
Indranagar,OK,Indra Nagar,sivagangai-timekidspreschools-com,
Infopark,OK,Infopark,infopark-timekidspreschools-com,
Irumbulyur,NO_FRANCHISE_ROW,,,No centre record in database
Irumpanam,NO_FRANCHISE_ROW,,,No centre record in database
jadavpur,NO_FRANCHISE_ROW,,,No centre record in database
Jagityal,NO_FRANCHISE_ROW,,,No centre record in database
jaipurPratapnagar,NO_FRANCHISE_ROW,,,No centre record in database
jalpa,NO_FRANCHISE_ROW,,,No centre record in database
jawaharnagar,NO_FRANCHISE_ROW,,,No centre record in database
Jayanagar1stBlock,NO_FRANCHISE_ROW,,,No centre record in database
Jayanagar3rdBlock,NO_FRANCHISE_ROW,,,No centre record in database
jayanthid,NO_FRANCHISE_ROW,,,No centre record in database
jayaraj,NO_FRANCHISE_ROW,,,No centre record in database
Jayashreeiyer,NO_FRANCHISE_ROW,,,No centre record in database
jayesh,NO_FRANCHISE_ROW,,,No centre record in database
Jibinvm,NO_FRANCHISE_ROW,,,No centre record in database
Joejospeh,NO_FRANCHISE_ROW,,,No centre record in database
JoggersPark,OK,jogger,joggerspark-timekidspreschools-com,
JPNagar_bang,OK,J. P. Nagar 9th Phase,jpnagar9thphase-timekidspreschools-com,
JPNagar9thPhase,OK,J. P. Nagar 9th Phase,jpnagar9thphase-timekidspreschools-com,
JudicialLayout,OK,Judicial Layout,judiciallayout1-timekidspreschools-com,
JudicialLayout_New,OK,Judicial Layout,judiciallayout1-timekidspreschools-com,
julianbharath,NO_FRANCHISE_ROW,,,No centre record in database
JyothiNagar,NO_FRANCHISE_ROW,,,No centre record in database
kadugodi,OK,Kadugodi,kadugodi-timekidspreschools-com,
Kaduthuruthy,OK,Kaduthuruthy,kaduthuruthy-timekidspreschools-com,
Kaggadasapura,NO_FRANCHISE_ROW,,,No centre record in database
kakkanad,OK,Kakkanad,kakkanad-timekidspreschools-com,
Kalady,OK,Kalady,kalady-timekidspreschools-com,
Kalamassery,OK,Edapally Toll,kalamassery-timekidspreschools-com,
Kalathukal,NO_FRANCHISE_ROW,,,No centre record in database
KaliarangamStreet,NO_FRANCHISE_ROW,,,No centre record in database
kalkere,NO_FRANCHISE_ROW,,,No centre record in database
Kalluvathukkal,OK,Kalluvathukkal,kalluvathukkal-timekidspreschools-com,
kaloor,OK,Kaloor,kaloor-timekidspreschools-com,
KalyaniVenkat,NO_FRANCHISE_ROW,,,No centre record in database
kalyannagar,NO_FRANCHISE_ROW,,,No centre record in database
KamakotiNagar,OK,Pallikaranai,kamakotinagar-timekidspreschools-com,
Kamakshipalya,OK,Kamakshipalya,kamakshipalya-timekidspreschools-com,
KamarajaNagar,NO_FRANCHISE_ROW,,,No centre record in database
Kanhangad,OK,Kanhangad,kanhangad-timekidspreschools-com,
Kaniyampuzha,OK,Kaniyampuzha,kaniyampuzha-timekidspreschools-com,
Kaniyapuram,OK,Kazhakkoottam,Kazhakkoottam-timekidspreschools-com,
Kannammoola,NO_FRANCHISE_ROW,,,No centre record in database
Karamana,OK,Karamana,tkkaramana-timekidspreschools-com,
Karamana_New,OK,Karamana,tkkaramana-timekidspreschools-com,
Karimanoor,NO_FRANCHISE_ROW,,,No centre record in database
Karimugal,NO_FRANCHISE_ROW,,,No centre record in database
Karinadmello,NO_FRANCHISE_ROW,,,No centre record in database
Karumalloor,OK,Karumalloor,karumalloor-timekidspreschools-com,
Karumallor,NO_FRANCHISE_ROW,,,No centre record in database
Karumuthampatty,NO_FRANCHISE_ROW,,,No centre record in database
karvenagar,NO_FRANCHISE_ROW,,,No centre record in database
kasturinagar,NO_FRANCHISE_ROW,,,No centre record in database
KatolRoad,NO_FRANCHISE_ROW,,,No centre record in database
Kattur,NO_FRANCHISE_ROW,,,No centre record in database
KaveriNagar,NO_FRANCHISE_ROW,,,No centre record in database
KavuriHills,NO_FRANCHISE_ROW,,,No centre record in database
Kazhakootam,NO_FRANCHISE_ROW,,,No centre record in database
Keelkattalai,OK,Keelkattalai,keelkattalai-timekidspreschools-com,
Keeranur,OK,Keeranur Road,keeranur-timekidspreschools-com,
Kelambakkam,OK,Kelambakkam,kelambakkam-timekidspreschools-com,
Kesanandrd,NO_FRANCHISE_ROW,,,No centre record in database
Kesanandroad,NO_FRANCHISE_ROW,,,No centre record in database
Keshavnagar,NO_FRANCHISE_ROW,,,No centre record in database
Kestopur,OK,Kestopur,kestopur-timekidspreschools-com,
KhadiColony,NO_FRANCHISE_ROW,,,No centre record in database
KhagaulRoad,OK,Khagaul Road,danapur-timekidspreschools-com,
Khajaguda,NO_FRANCHISE_ROW,,,No centre record in database
Kharadi,NO_FRANCHISE_ROW,,,No centre record in database
Kharadi_New,NO_FRANCHISE_ROW,,,No centre record in database
Kharalwadi,NO_FRANCHISE_ROW,,,No centre record in database
Khardaha,OK,Khardaha,khardaha-timekidspreschools-com,
Kilpauk,OK,Kilpauk,kilpauk-timekidspreschools-com,
Kitaganur,OK,Kitaganur,kithaganur-timekidspreschools-com,
Kiwale,NO_FRANCHISE_ROW,,,No centre record in database
Kizhakkambalam,NO_FRANCHISE_ROW,,,No centre record in database
kknagar,NO_FRANCHISE_ROW,,,No centre record in database
KKPudur,OK,K K Pudur,kkpudur-timekidspreschools-com,
Kodambakkam,NO_FRANCHISE_ROW,,,No centre record in database
kodigahalli,OK,Kodigehalli,kodigehalli-timekidspreschools-com,
Kodungallur,OK,kodungallur,tkkodungallur-timekidspreschools-com,
Kodungallur_New,OK,kodungallur,tkkodungallur-timekidspreschools-com,
kokids,NO_FRANCHISE_ROW,,,No centre record in database
Kolathur,NO_FRANCHISE_ROW,,,No centre record in database
Kolenchery,OK,Kolenchery,tkkolenchery-timekidspreschools-com,
Kolenchery_New,OK,Kolenchery,tkkolenchery-timekidspreschools-com,
Kompally,NO_FRANCHISE_ROW,,,No centre record in database
KONDAPUR,NO_FRANCHISE_ROW,,,No centre record in database
kongad,OK,Kongad,kongad-timekidspreschools-com,
Koothanallur,NO_FRANCHISE_ROW,,,No centre record in database
Koothatakulam,OK,Koothatakulam,koothatakulam-timekidspreschools-com,
Koottanad,OK,Koottanad,koottanad-timekidspreschools-com,
Koratty,OK,Koratty,koratty-timekidspreschools-com,
kothamangalam,NO_FRANCHISE_ROW,,,No centre record in database
Kothamangalam_New,NO_FRANCHISE_ROW,,,No centre record in database
Kothapet,NO_FRANCHISE_ROW,,,No centre record in database
Kottapuram,OK,Kottapuram,ktpm-timekidspreschools-com,
Kottarakara,NO_FRANCHISE_ROW,,,No centre record in database
Kottiyam,NO_FRANCHISE_ROW,,,No centre record in database
Kovaipudur,OK,Kovaipudur,kovaipudur-timekidspreschools-com,
Kovur,NO_FRANCHISE_ROW,,,No centre record in database
KrishnaNagar,OK,Krishna Nagar,krishnanagarguntur-timekidspreschools-com,
KRPuram,NO_FRANCHISE_ROW,,,No centre record in database
kudlu,NO_FRANCHISE_ROW,,,No centre record in database
Kumarapuram,NO_FRANCHISE_ROW,,,No centre record in database
kundanahalli,NO_FRANCHISE_ROW,,,No centre record in database
Kundara,NO_FRANCHISE_ROW,,,No centre record in database
kundhanahalli,NO_FRANCHISE_ROW,,,No centre record in database
Kundrathur,NO_FRANCHISE_ROW,,,No centre record in database
Kunnamkulam,NO_FRANCHISE_ROW,,,No centre record in database
kunnumpuram,NO_FRANCHISE_ROW,,,No centre record in database
Kuntloor,OK,Kuntloor,kuntloor-timekidspreschools-com,
Kusumagiri,NO_FRANCHISE_ROW,,,No centre record in database
Laggere,NO_FRANCHISE_ROW,,,No centre record in database
Laketown,NO_FRANCHISE_ROW,,,No centre record in database
Lalit,NO_FRANCHISE_ROW,,,No centre record in database
LaxminagarRavet,NO_FRANCHISE_ROW,,,No centre record in database
LDAColony,NO_FRANCHISE_ROW,,,No centre record in database
Lincy,NO_FRANCHISE_ROW,,,No centre record in database
Maalam,OK,Maalam,maalam-timekidspreschools-com,
Madabakkam,NO_FRANCHISE_ROW,,,No centre record in database
Madambakkam,OK,Madambakkam Junction,camproad-timekidspreschools-com,
Madanada,NO_FRANCHISE_ROW,,,No centre record in database
Madhabnagar,NO_FRANCHISE_ROW,,,No centre record in database
MadhuraNagar,NO_FRANCHISE_ROW,,,No centre record in database
Madhurawada,OK,Madhurawada,madhurawada-vizag-timekidspreschools-com,
madiapakkam,NO_FRANCHISE_ROW,,,No centre record in database
Madinaguda,NO_FRANCHISE_ROW,,,No centre record in database
maduraibyepassroad,NO_FRANCHISE_ROW,,,No centre record in database
maduraikknagar,NO_FRANCHISE_ROW,,,No centre record in database
Magarpatta,NO_FRANCHISE_ROW,,,No centre record in database
Mahadevwadi,NO_FRANCHISE_ROW,,,No centre record in database
mahalakshmipuram,NO_FRANCHISE_ROW,,,No centre record in database
Mahalunge,NO_FRANCHISE_ROW,,,No centre record in database
Mahanagar,NO_FRANCHISE_ROW,,,No centre record in database
Mahender,NO_FRANCHISE_ROW,,,No centre record in database
Maheswari,NO_FRANCHISE_ROW,,,No centre record in database
mahidhar,NO_FRANCHISE_ROW,,,No centre record in database
mainakchandra,NO_FRANCHISE_ROW,,,No centre record in database
malasiantownship,NO_FRANCHISE_ROW,,,No centre record in database
malkajgiri,NO_FRANCHISE_ROW,,,No centre record in database
Malkajgiri_New,NO_FRANCHISE_ROW,,,No centre record in database
Mamala,NO_FRANCHISE_ROW,,,No centre record in database
mamangalam,NO_FRANCHISE_ROW,,,No centre record in database
manasarovar,OK,Manasarovar Heights,mansarovarheights-timekidspreschools-com,
Manikonda,NO_FRANCHISE_ROW,,,No centre record in database
Manjummel,OK,Manjummel,manjummel-timekidspreschools-com,
Mannarkkad,OK,Mannarkkad,mannarkkad-timekidspreschools-com,
maple,OK,Kakkanad,kakkanad-timekidspreschools-com,
Maradu,OK,Maradu,tkmaradu-timekidspreschools-com,
Maradu_New,OK,Maradu,tkmaradu-timekidspreschools-com,
MarathaColony,NO_FRANCHISE_ROW,,,No centre record in database
maredpally,NO_FRANCHISE_ROW,,,No centre record in database
mariananpalya,NO_FRANCHISE_ROW,,,No centre record in database
Marispeta,NO_FRANCHISE_ROW,,,No centre record in database
MaruthiSevaNagar,NO_FRANCHISE_ROW,,,No centre record in database
Mathigiri,OK,Mathigiri,rknagarhosur-timekidspreschools-com,
Mathikere,NO_FRANCHISE_ROW,,,No centre record in database
mavelikara,NO_FRANCHISE_ROW,,,No centre record in database
Medavakkam,OK,Medavakkam,medavakkam1-timekidspreschools-com,
Medavakkam_New,OK,Medavakkam,medavakkam1-timekidspreschools-com,
Medchal,OK,Medchal,medchal-timekidspreschools-com,
MedicalCollege,NO_FRANCHISE_ROW,,,No centre record in database
MEGALPET,NO_FRANCHISE_ROW,,,No centre record in database
Miyapur,OK,Miyapur,miyapurhyd-timekidspreschools-com,
Miyapur_New,OK,Miyapur,miyapurhyd-timekidspreschools-com,
mkknagar,NO_FRANCHISE_ROW,,,No centre record in database
Mokila,OK,Mokila,mokila-timekidspreschools-com,
MolletiTeja,NO_FRANCHISE_ROW,,,No centre record in database
Moosapet,NO_FRANCHISE_ROW,,,No centre record in database
Moosarambagh,OK,Moosarambagh,moosarambagh-timekidspreschools-com,
Motelchhak,NO_FRANCHISE_ROW,,,No centre record in database
motinagar,NO_FRANCHISE_ROW,,,No centre record in database
MotiNagarhyd,NO_FRANCHISE_ROW,,,No centre record in database
Mudichur,OK,Mudichur,mudichur-timekidspreschools-com,
Mudukulathur,NO_FRANCHISE_ROW,,,No centre record in database
Mugalivakkam,NO_FRANCHISE_ROW,,,No centre record in database
Mukkola,NO_FRANCHISE_ROW,,,No centre record in database
mulanthuruthy,OK,Mulanthuruthy,tkmulanthuruthy-timekidspreschools-com,
Mulanthuruthy_new,OK,Mulanthuruthy,tkmulanthuruthy-timekidspreschools-com,
Muthuvara,NO_FRANCHISE_ROW,,,No centre record in database
Muvattupuzha,NO_FRANCHISE_ROW,,,No centre record in database
NAD,OK,NAD,nad-timekidspreschools-com,
nagarabhavi,NO_FRANCHISE_ROW,,,No centre record in database
Nagarbhavi,NO_FRANCHISE_ROW,,,No centre record in database
Nagole,NO_FRANCHISE_ROW,,,No centre record in database
nallakunta,OK,Nallakunta,nallakunta-timekidspreschools-com,
Nanganallur,OK,Nanganallur,nanganallur-timekidspreschools-com,
Narayanaguda,NO_FRANCHISE_ROW,,,No centre record in database
Narol,NO_FRANCHISE_ROW,,,No centre record in database
NashikRoad,NO_FRANCHISE_ROW,,,No centre record in database
Natham,OK,Natham,chengalpattu-timekidspreschools-com,
Naveen,NO_FRANCHISE_ROW,,,No centre record in database
NCThomas,NO_FRANCHISE_ROW,,,No centre record in database
Nedumangad,NO_FRANCHISE_ROW,,,No centre record in database
Neeladriroad,NO_FRANCHISE_ROW,,,No centre record in database
Neetu,NO_FRANCHISE_ROW,,,No centre record in database
Neety,NO_FRANCHISE_ROW,,,No centre record in database
Nellikunnu,NO_FRANCHISE_ROW,,,No centre record in database
NewBowenpally,NO_FRANCHISE_ROW,,,No centre record in database
NewDashmeshNagar,NO_FRANCHISE_ROW,,,No centre record in database
newkarelibaugh,NO_FRANCHISE_ROW,,,No centre record in database
Newtown,OK,Action Area 1 - New Town,newtown1-timekidspreschools-com,
NewTownArea1,NO_FRANCHISE_ROW,,,No centre record in database
nextgenkids,NO_FRANCHISE_ROW,,,No centre record in database
NGOBColony,NO_FRANCHISE_ROW,,,No centre record in database
Nigdi,NO_FRANCHISE_ROW,,,No centre record in database
Nipania,NO_FRANCHISE_ROW,,,No centre record in database
NitiKhand,NO_FRANCHISE_ROW,,,No centre record in database
Nizampet,NO_FRANCHISE_ROW,,,No centre record in database
Njarackal,NO_FRANCHISE_ROW,,,No centre record in database
Noapara,OK,Noapara,barasat-timekidspreschools-com,
NorthAvaniMoola,NO_FRANCHISE_ROW,,,No centre record in database
northparavur,OK,North Paravur ,paravur-timekidspreschools-com,
NTRColony,OK,NTR Colony,ntrcolony-timekidspreschools-com,
OceanPearlColony,NO_FRANCHISE_ROW,,,No centre record in database
OilMill,NO_FRANCHISE_ROW,,,No centre record in database
Olavakkode,OK,Olavakkode,olavakkode-timekidspreschools-com,
olavanna,NO_FRANCHISE_ROW,,,No centre record in database
Oldsangavi,NO_FRANCHISE_ROW,,,No centre record in database
Omkar,NO_FRANCHISE_ROW,,,No centre record in database
Ottapalam,OK,Ottapalam,ottapalam-timekidspreschools-com,
Padivattom,OK,Padivattom,padivattom-timekidspreschols-com,
Padmanabhanagar,NO_FRANCHISE_ROW,,,No centre record in database
padmaraonagar,OK,Padmarao Nagar,padmaraonagarnew-timekidspreschools-com,
PadmaraoNagar_New,OK,Padmarao Nagar,padmaraonagarnew-timekidspreschools-com,
Pailayout,NO_FRANCHISE_ROW,,,No centre record in database
Palasa,NO_FRANCHISE_ROW,,,No centre record in database
Pallikarnai,OK,Pallikaranai,kamakotinagar-timekidspreschools-com,
Pallikkara,OK,Pallikkara,pallikkara-timekidspreschools-com,
panampilly,OK,Panampilly Nagar,panampillynagar-timekidspreschools-com,
Panampillynagar_fran,OK,Panampilly Nagar,panampillynagar-timekidspreschools-com,
Panathur,NO_FRANCHISE_ROW,,,No centre record in database
pancardclubroad,NO_FRANCHISE_ROW,,,No centre record in database
PanchasheelEnclave,NO_FRANCHISE_ROW,,,No centre record in database
Pandalam,NO_FRANCHISE_ROW,,,No centre record in database
Pantheerankavu,OK,Pantheerankavu,pantheerankavu-timekidspreschools-com,
pappampatiPirrivu,NO_FRANCHISE_ROW,,,No centre record in database
Parappanangadi,OK,Parappanangadi,parappanangadi-timekidspreschools-com,
Paravur,OK,North Paravur ,paravur-timekidspreschools-com,
Parthiv,NO_FRANCHISE_ROW,,,No centre record in database
Paruthipara,NO_FRANCHISE_ROW,,,No centre record in database
Patrakarpuram,NO_FRANCHISE_ROW,,,No centre record in database
Patrapada,OK,Patrapada,patrapada-timekidspreschools-com,
Pattambi,NO_FRANCHISE_ROW,,,No centre record in database
Pattinamkathan,NO_FRANCHISE_ROW,,,No centre record in database
Payalmahajan,NO_FRANCHISE_ROW,,,No centre record in database
Payyanur,NO_FRANCHISE_ROW,,,No centre record in database
Peelamedu,OK,Peelamedu,peelamedu-timekidspreschools-com,
Peramangalam,NO_FRANCHISE_ROW,,,No centre record in database
Perambur,NO_FRANCHISE_ROW,,,No centre record in database
Peringavu,NO_FRANCHISE_ROW,,,No centre record in database
Perinthalmanna,OK,Perinthalmanna,perinthalmanna-timekidspreschools-com,
periyarnagar,OK,"Periyar Nagar, Rajagopalapuram",pudukkottai-timekidspreschools-com,
Peroorkada,NO_FRANCHISE_ROW,,,No centre record in database
Perumbadi,NO_FRANCHISE_ROW,,,No centre record in database
Perumbakkam,NO_FRANCHISE_ROW,,,No centre record in database
Perumbavoor,NO_FRANCHISE_ROW,,,No centre record in database
Perungalathur,OK,perungalathur,newperungalathur-timekidspreschools-com,
Peyad,NO_FRANCHISE_ROW,,,No centre record in database
Phanindrabora,NO_FRANCHISE_ROW,,,No centre record in database
PimpleGurav,NO_FRANCHISE_ROW,,,No centre record in database
pimplenilakh,NO_FRANCHISE_ROW,,,No centre record in database
PimpleSaudagar,NO_FRANCHISE_ROW,,,No centre record in database
Pinglewasti,NO_FRANCHISE_ROW,,,No centre record in database
Piravom,OK,Vyttila,vyttila-timekidspreschools-com,
Piravom_New,OK,Piravom,tkpiravom-timekidspreschools-com,
Pirayiri,OK,Pirayiri,pirayiri-timekidspreschools-com,
Polayathode,NO_FRANCHISE_ROW,,,No centre record in database
PonNagar,OK,Pon Nagar,ponnagar-timekidspreschools-com,
Poojasalunke,NO_FRANCHISE_ROW,,,No centre record in database
Porur,OK,Porur,porurgardens-timekidspreschools-com,
PorwalRoad,NO_FRANCHISE_ROW,,,No centre record in database
Pozhichalur,NO_FRANCHISE_ROW,,,No centre record in database
Prachiraikwar,NO_FRANCHISE_ROW,,,No centre record in database
pragathinagar,NO_FRANCHISE_ROW,,,No centre record in database
Prashanthnagar,NO_FRANCHISE_ROW,,,No centre record in database
pratapnagar,NO_FRANCHISE_ROW,,,No centre record in database
pratham,NO_FRANCHISE_ROW,,,No centre record in database
PresidencyAvenue,OK,Presidency Avenue (Alwal),presidencyavenue-timekidspreschools-com,
priyadarshinagar,OK,Priyadarshi Nagar,priyadarshinagar-timekidspreschools-com,
Priyarv,NO_FRANCHISE_ROW,,,No centre record in database
PriyaSingh,NO_FRANCHISE_ROW,,,No centre record in database
ptnagar,OK,Rajakilpakkam,rajakilpakkam-timekidspreschools-com,
pudukkottai,OK,"Periyar Nagar, Rajagopalapuram",pudukkottai-timekidspreschools-com,
Punalur,OK,Punalur,punalur-timekidspreschools-com,
Punawale,OK,Punawale,punawale-timekidspreschools-com,
purushotham,NO_FRANCHISE_ROW,,,No centre record in database
puthencruz,OK,Lucknow,himanshu-timekidspreschools-com,
Puthiyakavu,OK,Thannissery,thannissery-timekidspreschools-com,
Rahatani,NO_FRANCHISE_ROW,,,No centre record in database
RahulJohn,NO_FRANCHISE_ROW,,,No centre record in database
Rahulraj,NO_FRANCHISE_ROW,,,No centre record in database
rainbow,NO_FRANCHISE_ROW,,,No centre record in database
Rajacolony,NO_FRANCHISE_ROW,,,No centre record in database
rajajinagar,NO_FRANCHISE_ROW,,,No centre record in database
RajajiNagar_Ar,NO_FRANCHISE_ROW,,,No centre record in database
Rajajinagar1stBlock,NO_FRANCHISE_ROW,,,No centre record in database
Rajajinagar3rdBlock,NO_FRANCHISE_ROW,,,No centre record in database
Rajajipuram,NO_FRANCHISE_ROW,,,No centre record in database
rajakilpakkam,OK,Rajakilpakkam,rajakilpakkam-timekidspreschools-com,
Rajakilpakkam_new,OK,Rajakilpakkam,rajakilpakkam-timekidspreschools-com,
RajaramNagar,NO_FRANCHISE_ROW,,,No centre record in database
Rajarhat,NO_FRANCHISE_ROW,,,No centre record in database
rajasimha,NO_FRANCHISE_ROW,,,No centre record in database
Rajeshpandey,NO_FRANCHISE_ROW,,,No centre record in database
rajvelcc,NO_FRANCHISE_ROW,,,No centre record in database
rakesh,NO_FRANCHISE_ROW,,,No centre record in database
rakeshtime,NO_FRANCHISE_ROW,,,No centre record in database
ramamurthynagar,NO_FRANCHISE_ROW,,,No centre record in database
Rambagh,OK,rambagh,rambagh-timekidspreschools-com,
Ramnagar,NO_FRANCHISE_ROW,,,No centre record in database
Ramnathapuram,OK,Ramanathapuram,ramnathapuramcbe-timekidspreschools-com,
Ramyateja,NO_FRANCHISE_ROW,,,No centre record in database
RashiSrivastava,NO_FRANCHISE_ROW,,,No centre record in database
Ravet,OK,Ravet,ravetnew-timekidspreschools-com,
Ravet_New,OK,Ravet,ravetnew-timekidspreschools-com,
Remya,NO_FRANCHISE_ROW,,,No centre record in database
renukanagar,NO_FRANCHISE_ROW,,,No centre record in database
rknagar,OK,Mathigiri,rknagarhosur-timekidspreschools-com,
rmcolony,NO_FRANCHISE_ROW,,,No centre record in database
rmv,NO_FRANCHISE_ROW,,,No centre record in database
Roadpali,NO_FRANCHISE_ROW,,,No centre record in database
roshansimon,NO_FRANCHISE_ROW,,,No centre record in database
RPROAD,NO_FRANCHISE_ROW,,,No centre record in database
RRColony,OK,RR Colony (Ameenpur),rrcolonyameenpur-timekidspreschools-com,
rrnagar,NO_FRANCHISE_ROW,,,No centre record in database
RSPuram,NO_FRANCHISE_ROW,,,No centre record in database
SaberiBasu,NO_FRANCHISE_ROW,,,No centre record in database
Sahakarnagar,NO_FRANCHISE_ROW,,,No centre record in database
Sahakarnagar_bang,NO_FRANCHISE_ROW,,,No centre record in database
SaibabaColony,NO_FRANCHISE_ROW,,,No centre record in database
Saicharan,NO_FRANCHISE_ROW,,,No centre record in database
Saidabad,NO_FRANCHISE_ROW,,,No centre record in database
Saikishore,NO_FRANCHISE_ROW,,,No centre record in database
sainikpuri,OK,Sainikpuri,sainikpurihyd-timekidspreschools-com,
Sainikpuri_fran,NO_FRANCHISE_ROW,,,No centre record in database
Sainikpuri_New,OK,Sainikpuri,sainikpurihyd-timekidspreschools-com,
sainkpuri,OK,Sainikpuri,sainikpurihyd-timekidspreschools-com,
SaketNagar,NO_FRANCHISE_ROW,,,No centre record in database
SaketNagar_up,NO_FRANCHISE_ROW,,,No centre record in database
SaketNagarindore,NO_FRANCHISE_ROW,,,No centre record in database
Sakshisharma,NO_FRANCHISE_ROW,,,No centre record in database
salisburypark,NO_FRANCHISE_ROW,,,No centre record in database
Salkia,OK,Salkia,salkia-timekidspreschools-com,
SaltLake,NO_FRANCHISE_ROW,,,No centre record in database
SalunkeVihar,NO_FRANCHISE_ROW,,,No centre record in database
Sampathnagar,NO_FRANCHISE_ROW,,,No centre record in database
Sandeep,NO_FRANCHISE_ROW,,,No centre record in database
Sandeeptn,NO_FRANCHISE_ROW,,,No centre record in database
Sanganoor,NO_FRANCHISE_ROW,,,No centre record in database
sanjaynagar,NO_FRANCHISE_ROW,,,No centre record in database
SantheBeedi,NO_FRANCHISE_ROW,,,No centre record in database
Santhosapuram,NO_FRANCHISE_ROW,,,No centre record in database
Saravanampatti,OK,Saravanampatti,saravanampatti-cbe-timekidspreschools-com,
sarika,NO_FRANCHISE_ROW,,,No centre record in database
SarkarpathiMainRoad,OK,Sarkarpathi Main Road,sethumadai-timekidspreschools-com,
Saroornagar,OK,Saroornagar,saroornagarhyd-timekidspreschools-com,
Saroornagar_New,OK,Saroornagar,saroornagarhyd-timekidspreschools-com,
satish,NO_FRANCHISE_ROW,,,No centre record in database
SatishMenon,NO_FRANCHISE_ROW,,,No centre record in database
SBGoraiRoad,NO_FRANCHISE_ROW,,,No centre record in database
Sector45,NO_FRANCHISE_ROW,,,No centre record in database
Seegehalli,NO_FRANCHISE_ROW,,,No centre record in database
seema,NO_FRANCHISE_ROW,,,No centre record in database
segehalli,OK,Segehalli,segehalli-timekidspreschools-com,
Selaiyur,OK,Selaiyur-Camproad Junction Branch,selaiyur1-timekidspreschools-com,
Selaiyur1,OK,Selaiyur-Camproad Junction Branch,selaiyur1-timekidspreschools-com,
seliyur,NO_FRANCHISE_ROW,,,No centre record in database
Sevelpatti,OK,Sevelpatti South Street,rajapalayam-timekidspreschools-com,
Shaikpet,NO_FRANCHISE_ROW,,,No centre record in database
ShankarNagar,OK,Shankar Nagar,shankarnagar-timekidspreschools-com,
shankarpuram,NO_FRANCHISE_ROW,,,No centre record in database
SharadadeviNagar,OK,Sharadadevi Nagar,sharadadevinagar-timekidspreschools-com,
SharadhaNagar,NO_FRANCHISE_ROW,,,No centre record in database
SherwaniNagar,NO_FRANCHISE_ROW,,,No centre record in database
ShirdiSaiNagar,NO_FRANCHISE_ROW,,,No centre record in database
Shivapur,NO_FRANCHISE_ROW,,,No centre record in database
shivaramkaranthnagar,NO_FRANCHISE_ROW,,,No centre record in database
ShreyasCrossing,NO_FRANCHISE_ROW,,,No centre record in database
ShyamnagarRoad,OK,Shyamnagar Road,shyamnagarrd-timekidspreschools-com,
Simi,NO_FRANCHISE_ROW,,,No centre record in database
Singanallur,OK,Singanallur,singanallur-cbe-timekidspreschools-com,
Singasandra,OK,Singasandra,singasandra-timekidspreschools-com,
sinhgadroad,NO_FRANCHISE_ROW,,,No centre record in database
Sivaraman,NO_FRANCHISE_ROW,,,No centre record in database
SNPurmRoad,NO_FRANCHISE_ROW,,,No centre record in database
solaroad,NO_FRANCHISE_ROW,,,No centre record in database
SomasundaramNag,OK,Somasundaram Nagar,kanchipuram-timekidspreschools-com,
SomasundaramNagar,NO_FRANCHISE_ROW,,,No centre record in database
sonari,NO_FRANCHISE_ROW,,,No centre record in database
souravsanyal,NO_FRANCHISE_ROW,,,No centre record in database
SouthTukoganj,NO_FRANCHISE_ROW,,,No centre record in database
sproad,OK,S. P. Road,sproad-timekidspreschools-com,
Sreekariyam,OK,Sreekariyam,sreekariyam-timekidspreschools-com,
Sreekrishnapuram,OK,Sreekrishnapuram,sreekrishnapuram-timekidspreschools-com,
Srikanth,NO_FRANCHISE_ROW,,,No centre record in database
SrinagarColony,NO_FRANCHISE_ROW,,,No centre record in database
SrinivasaNagar,NO_FRANCHISE_ROW,,,No centre record in database
SriRamNagar,OK,Sri Ram Nagar(Jeedimetla),sriramnagar-timekidspreschools-com,
Srirampura,NO_FRANCHISE_ROW,,,No centre record in database
srivalli,NO_FRANCHISE_ROW,,,No centre record in database
sssvkidz,NO_FRANCHISE_ROW,,,No centre record in database
SubbaraoColony,NO_FRANCHISE_ROW,,,No centre record in database
Sudarapuram,NO_FRANCHISE_ROW,,,No centre record in database
Suncity,OK,Suncity,suncity-timekidspreschools-com,
SunitaVemuri,NO_FRANCHISE_ROW,,,No centre record in database
suryanagar,NO_FRANCHISE_ROW,,,No centre record in database
Swathylekshmi,NO_FRANCHISE_ROW,,,No centre record in database
Swati,NO_FRANCHISE_ROW,,,No centre record in database
tajuddin,NO_FRANCHISE_ROW,,,No centre record in database
TambaramEast,OK,Tambaram East,tambarameast-timekidspreschools-com,
Tambaramwest,NO_FRANCHISE_ROW,,,No centre record in database
TanajiNagar,NO_FRANCHISE_ROW,,,No centre record in database
tarnaka,NO_FRANCHISE_ROW,,,No centre record in database
Tathawade,NO_FRANCHISE_ROW,,,No centre record in database
TBRoad,NO_FRANCHISE_ROW,,,No centre record in database
TeachersColony,NO_FRANCHISE_ROW,,,No centre record in database
Tejbalsingh,NO_FRANCHISE_ROW,,,No centre record in database
Telecomlayout,NO_FRANCHISE_ROW,,,No centre record in database
Tellapur,OK,Tellapur,tellapur-timekidspreschools-com,
Thalayolaparambu,OK,Thalayolaparambu,thalayolaparambu-timekidspreschools-com,
Thannissery,OK,Kongad,kongad-timekidspreschools-com,
Thergaon,NO_FRANCHISE_ROW,,,No centre record in database
Thergoan,NO_FRANCHISE_ROW,,,No centre record in database
Thevally,NO_FRANCHISE_ROW,,,No centre record in database
thevara,NO_FRANCHISE_ROW,,,No centre record in database
Thevara_New,NO_FRANCHISE_ROW,,,No centre record in database
thimmesh,NO_FRANCHISE_ROW,,,No centre record in database
Thirumal,NO_FRANCHISE_ROW,,,No centre record in database
Thirunagar,NO_FRANCHISE_ROW,,,No centre record in database
Thirupapuliyur,NO_FRANCHISE_ROW,,,No centre record in database
Thiruvalla,NO_FRANCHISE_ROW,,,No centre record in database
Thiruverumbur,OK,Thiruverumbur,thiruverumbur-timekidspreschools-com,
Thodupuzha,OK,Thodupuzha,tpz-timekidspreschools-com,
Thoppumpady,NO_FRANCHISE_ROW,,,No centre record in database
thottakkattukara,OK,Thottakkattukara,thottakkattukara-timekidspreschools-com,
Thottumugham,NO_FRANCHISE_ROW,,,No centre record in database
Thrippunithura,NO_FRANCHISE_ROW,,,No centre record in database
thubharahalli,NO_FRANCHISE_ROW,,,No centre record in database
Thudiyallur,OK,Thudiyalur,thudiyalur-timekidspreschools-com,
Thuravoor,NO_FRANCHISE_ROW,,,No centre record in database
tiara,NO_FRANCHISE_ROW,,,No centre record in database
timekids_test,NO_FRANCHISE_ROW,,,No centre record in database
Tiruvalla,OK,Tiruvalla,tiruvalla-timekidspreschools-com,
tkkids,NO_FRANCHISE_ROW,,,No centre record in database
Tolichowki,NO_FRANCHISE_ROW,,,No centre record in database
TollGate,NO_FRANCHISE_ROW,,,No centre record in database
Tondiarpet,OK,Tondiarpet,tondiarpet-timekidspreschools-com,
Trichykknagar,OK,K. K. Nagar,trichykknagar-timekidspreschools-com,
Triprayar,OK,Thriprayar,triprayar-timekidspreschools-com,
tripunithura,OK,Tripunithura ,tktripunithura-timekidspreschools-com,
tsbandlaguda,NO_FRANCHISE_ROW,,,No centre record in database
tskandlakoya,OK,Infopark,infopark-timekidspreschools-com,
Tumkur,NO_FRANCHISE_ROW,,,No centre record in database
TVSNagar,OK,T.V.S. Nagar Road,tvsnagarcbe-timekidspreschools-com,
twinkling,NO_FRANCHISE_ROW,,,No centre record in database
tyros,NO_FRANCHISE_ROW,,,No centre record in database
ubalanka,NO_FRANCHISE_ROW,,,No centre record in database
uday,NO_FRANCHISE_ROW,,,No centre record in database
udit,NO_FRANCHISE_ROW,,,No centre record in database
Undri,NO_FRANCHISE_ROW,,,No centre record in database
uppal,NO_FRANCHISE_ROW,,,No centre record in database
Upparpally,NO_FRANCHISE_ROW,,,No centre record in database
Urapakkam,NO_FRANCHISE_ROW,,,No centre record in database
UshaFanFactory,NO_FRANCHISE_ROW,,,No centre record in database
usmanpura,NO_FRANCHISE_ROW,,,No centre record in database
Utkarsh,NO_FRANCHISE_ROW,,,No centre record in database
Uttamnagar,NO_FRANCHISE_ROW,,,No centre record in database
Uttarahalli,OK,Uttarahalli,uttarahalli1-timekidspreschools-com,
Uttrahalli,OK,Uttarahalli,uttarahalli1-timekidspreschools-com,
Vadakara,OK,Vadakara,vadakara-timekidspreschools-com,
Vadavalli,OK,Vadavalli,vadavalli-timekidspreschools-com,
Vaikom,OK,Vaikom,vaikom-timekidspreschools-com,
Vaishalicinema,NO_FRANCHISE_ROW,,,No centre record in database
Valasaravakkam,OK,Valasarwakkam,valasaravakkam-timekidspreschools-com,
Vallalar,NO_FRANCHISE_ROW,,,No centre record in database
Valsarwakkam,NO_FRANCHISE_ROW,,,No centre record in database
Vandana,NO_FRANCHISE_ROW,,,No centre record in database
Vaniyamkulam,OK,Vaniyamkulam,vaniyamkulam-timekidspreschools-com,
varanasimainroad,NO_FRANCHISE_ROW,,,No centre record in database
Varapuzha,NO_FRANCHISE_ROW,,,No centre record in database
Varatharajapuram,NO_FRANCHISE_ROW,,,No centre record in database
Varkala,OK,Varkala,varkala-timekidspreschools-com,
Vasanthapuram,OK,Vasanthapuram,paramakudi-timekidspreschools-com,
Vastrapur,NO_FRANCHISE_ROW,,,No centre record in database
Vattiyoorkavu,NO_FRANCHISE_ROW,,,No centre record in database
veerbhadranagarbaner,NO_FRANCHISE_ROW,,,No centre record in database
veerendra,NO_FRANCHISE_ROW,,,No centre record in database
Velachery,OK,Velachery,velachery-timekidspreschools-com,
Velichikala,NO_FRANCHISE_ROW,,,No centre record in database
VelloreMainRoad,OK,Vellore Main Road,arcot-timekidspreschools-com,
Venganoor,NO_FRANCHISE_ROW,,,No centre record in database
Venkateshwaracolony,NO_FRANCHISE_ROW,,,No centre record in database
vennala,OK,Vennala,tkvennala-timekidspreschools-com,
Vennala_New,OK,Vennala,tkvennala-timekidspreschools-com,
VettuRoad,OK,Vettu Road,vetturoad-timekidspreschools-com,
vidyanagar,NO_FRANCHISE_ROW,,,No centre record in database
Vidyaranyapura,NO_FRANCHISE_ROW,,,No centre record in database
VijayaBankLayout,OK,Vijaya Bank Layout,vijayabanklayout-timekidspreschools-com,
Vijayasudhakar,NO_FRANCHISE_ROW,,,No centre record in database
vijaynagar,OK,Vijay Nagar,vijaynagar-timekidspreschools-com,
VikasNagar,NO_FRANCHISE_ROW,,,No centre record in database
VikramZ,NO_FRANCHISE_ROW,,,No centre record in database
villapuram,NO_FRANCHISE_ROW,,,No centre record in database
vinayak,OK,Vinayak Nagar,vinayaknagar-timekidspreschools-com,
VinayakaBadavane,NO_FRANCHISE_ROW,,,No centre record in database
VinayakaNagar,NO_FRANCHISE_ROW,,,No centre record in database
Vinayaknagar,OK,Vinayak Nagar,vinayaknagar-timekidspreschools-com,
VIPRoad,OK,VIP Road,viproadzirakpur-timekidspreschools-com,
VishakaBColony,NO_FRANCHISE_ROW,,,No centre record in database
vishalnagar,NO_FRANCHISE_ROW,,,No centre record in database
Viswanath,NO_FRANCHISE_ROW,,,No centre record in database
Vitthalwadi,NO_FRANCHISE_ROW,,,No centre record in database
VivekanandaNagar,NO_FRANCHISE_ROW,,,No centre record in database
Vivekrt,NO_FRANCHISE_ROW,,,No centre record in database
VUDACOLONY,NO_FRANCHISE_ROW,,,No centre record in database
Vyttila,OK,Puthencruz,puthencruz-timekidspreschools-com,
WadalaPathardiRoad,NO_FRANCHISE_ROW,,,No centre record in database
wadgaonsheri,OK,Wadgaon Sheri,wadgaonsheri-timekidspreschools-com,
wagholi,OK,Wagholi,wagholi1-timekidspreschools-com,
Wakad,NO_FRANCHISE_ROW,,,No centre record in database
Walajabad,OK,Anna Nagar,walajabad-timekidspreschools-com,
wanowrie,NO_FRANCHISE_ROW,,,No centre record in database
Warasiguda,NO_FRANCHISE_ROW,,,No centre record in database
WardNo5,NO_FRANCHISE_ROW,,,No centre record in database
WarjeJakatNaka,NO_FRANCHISE_ROW,,,No centre record in database
West4Lane,NO_FRANCHISE_ROW,,,No centre record in database
WestMambalam,NO_FRANCHISE_ROW,,,No centre record in database
WestMarredpally,NO_FRANCHISE_ROW,,,No centre record in database
whitefields,NO_FRANCHISE_ROW,,,No centre record in database
wizdomm,NO_FRANCHISE_ROW,,,No centre record in database
Yakkara,NO_FRANCHISE_ROW,,,No centre record in database
Yapral,NO_FRANCHISE_ROW,,,No centre record in database
YelahankaNewTown,NO_FRANCHISE_ROW,,,No centre record in database
